<?xml version="1.0" encoding="UTF-8" ?>
<XMLDB PATH="blocks/selectrss/db" VERSION="20120122" COMMENT="XMLDB file for Moodle rss_client block"
    xmlns:xsi="http://www.w3.org/2001/XMLSchema-instance"
    xsi:noNamespaceSchemaLocation="../../../lib/xmldb/xmldb.xsd"
>
  <TABLES>
    <TABLE NAME="block_selectrss" COMMENT="Remote news feed information. Contains the news feed id, the userid of the user who added the feed, the title of the feed itself and a description of the feed contents along with the url used to access the remote feed. Preferredtitle is a field for future use - intended to allow for custom titles rather than those found in the feed">
      <FIELDS>
        <FIELD NAME="id" TYPE="int" LENGTH="11" NOTNULL="true" SEQUENCE="true"/>
        <FIELD NAME="url" TYPE="char" LENGTH="255" NOTNULL="true" SEQUENCE="false"/>
        <FIELD NAME="title" TYPE="char" LENGTH="255" NOTNULL="true" SEQUENCE="false"/>
        <FIELD NAME="content" TYPE="text" NOTNULL="false" SEQUENCE="false"/>
        <FIELD NAME="publish" TYPE="int" LENGTH="1" NOTNULL="false" DEFAULT="0" SEQUENCE="false"/>
        <FIELD NAME="itemdate" TYPE="char" LENGTH="255" NOTNULL="false" SEQUENCE="false"/>
        <FIELD NAME="itemtime" TYPE="int" LENGTH="18" NOTNULL="false" SEQUENCE="false"/>
        <FIELD NAME="blockid" TYPE="int" LENGTH="11" NOTNULL="true" SEQUENCE="false"/>
        <FIELD NAME="exist" TYPE="char" LENGTH="255" NOTNULL="false" SEQUENCE="false"/>
        <FIELD NAME="timecreated" TYPE="int" LENGTH="18" NOTNULL="true" SEQUENCE="false"/>
        <FIELD NAME="timemodified" TYPE="int" LENGTH="18" NOTNULL="true" SEQUENCE="false"/>
      </FIELDS>
      <KEYS>
        <KEY NAME="primary" TYPE="primary" FIELDS="id" />
      </KEYS>
      <INDEXES>
        <INDEX NAME="blockid" UNIQUE="false" FIELDS="blockid"/>
      </INDEXES>
    </TABLE>
  </TABLES>
</XMLDB>
